-- Projeto – Animais Domésticos e Exóticos
-- Contrato temporário de itens e serviços para animais de estimação

-- Caio Augusto Duarte Basso – 10801173
-- Gabriel Garcia Lorencetti – 10691891
-- Giovana Daniele da Silva – 10692224
-- Luíza Pereira Pinto Machado – 7564426 

-- INSERÇÕES


-- TABLE USUARIO --

INSERT INTO usuario (cpf_usuario, nome_usuario, email, senha, telefone, uf_usuario, cidade_usuario, cep_usuario, bairro_usuario, logradouro_usuario, numero_usuario, complemento_usuario)
	VALUES('921.585.380-40', 'Marcos Vinicius Silva', 'marcos.vinicius@gmail.com', 'r4D1d3aztf', '(16)38101703', 'SP', 'São Carlos', '13569-704', 'Parque dos Timburis', 'Rua Doutor Luiz Maia', '261', nulL);

INSERT INTO usuario (cpf_usuario, nome_usuario, email, senha, telefone, uf_usuario, cidade_usuario, cep_usuario, bairro_usuario, logradouro_usuario, numero_usuario, complemento_usuario)
	VALUES('474.316.018-91', 'Esther Jéssica Yasmin da Cunha', 'esther.jessica@gmail.com', 'ozK87zAIFf', '(16)985130216', 'SP', 'São Carlos', '13563-658', 'Jardim Ipanema', 'Rua Renato Talarico Lima Pereira', '456', 'Apartamento 24 Bloco A');

INSERT INTO usuario (cpf_usuario, nome_usuario, email, senha, telefone, uf_usuario, cidade_usuario, cep_usuario, bairro_usuario, logradouro_usuario, numero_usuario, complemento_usuario)
	VALUES('306.447.658-01', 'Ricardo Cláudio Monteiro', 'ricardo.claudio@gmail.com', 'CKfYML0n7f', '(16)26424588', 'SP', 'São Carlos', '13570-652', 'Vila Lutfalla', 'Praça Doutor Sílvio Villari', '663', 'Apartamento 12');

INSERT INTO usuario (cpf_usuario, nome_usuario, email, senha, telefone, uf_usuario, cidade_usuario, cep_usuario, bairro_usuario, logradouro_usuario, numero_usuario, complemento_usuario)
	VALUES('194.666.428-63', 'Daiane Melissa dos Santos', 'daiane.melissa@gmail.com', 'JpuUlK6P1Y', '(16)38772724', 'SP', 'São Carlos', '13565-220', 'Jardim Jóckei Club A', 'Rua Rio Araguapei', '617', 'Casa');

INSERT INTO usuario (cpf_usuario, nome_usuario, email, senha, telefone, uf_usuario, cidade_usuario, cep_usuario, bairro_usuario, logradouro_usuario, numero_usuario, complemento_usuario)
	VALUES('162.380.938-03', 'Giovanna Maria da Costa', 'giovana.maria@gmail.com', 'zla7SoQItO', '(16)999554891', null, null, null, null, null, null, null);

INSERT INTO usuario (cpf_usuario, nome_usuario, email, senha, telefone, uf_usuario, cidade_usuario, cep_usuario, bairro_usuario, logradouro_usuario, numero_usuario, complemento_usuario)
	VALUES('758.296.218-43', 'Alice Sara Isadora Pereira', 'alice.sara@gmail.com', 's6e8HA0seA', null, 'SP', 'São Carlos', '13563-704', 'Jardim Acapulco', 'Rua Eduardo do Prado F. Braga', '997', 'Apartamento 36 Bloco 6');

INSERT INTO usuario (cpf_usuario, nome_usuario, email, senha, telefone, uf_usuario, cidade_usuario, cep_usuario, bairro_usuario, logradouro_usuario, numero_usuario, complemento_usuario)
	VALUES('189.729.128-08', 'Sueli Louise Rosângela Fernandes', 'sueli.louise@gmail.com', 'jYLUoGh3zc', '(16)983939452', 'SP', 'São Carlos', '13563-704', 'Parque dos Timburis', 'Alameda das Rosas', '300', 'Casa');

INSERT INTO usuario (cpf_usuario, nome_usuario, email, senha, telefone, uf_usuario, cidade_usuario, cep_usuario, bairro_usuario, logradouro_usuario, numero_usuario, complemento_usuario)
	VALUES('311.240.708-34', 'Rafael Kauê Julio Peixoto', 'rafael.kaue@gmail.com', 'AqqU0xlU3S', '(16)999370678', 'SP', 'São Carlos', '13563-704', 'Parque dos Timburis', 'Rua Moisés João Mussa', '573', null);

INSERT INTO usuario (cpf_usuario, nome_usuario, email, senha, telefone, uf_usuario, cidade_usuario, cep_usuario, bairro_usuario, logradouro_usuario, numero_usuario, complemento_usuario)
	VALUES('739.019.788-95', 'Emilly Sebastiana Rocha', 'emilly.sebastiana@gmail.com', 'UXFCsCE0Cw', '(16)985817651', 'SP', 'São Carlos', '13563-704', 'Parque dos Timburis', 'Rua Hermínio Bernasconi', '516', null);

INSERT INTO usuario (cpf_usuario, nome_usuario, email, senha, telefone, uf_usuario, cidade_usuario, cep_usuario, bairro_usuario, logradouro_usuario, numero_usuario, complemento_usuario)
	VALUES('527.344.098-01', 'Adriana Tereza Alves', 'adriana.tereza@gmail.com', 'g1b4R44PdP', '(16)993565957', 'SP', 'São Carlos', '13563-658', 'Jardim Ipanema', 'Rua Carlos Carvalho', '734', null);

INSERT INTO usuario (cpf_usuario, nome_usuario, email, senha, telefone, uf_usuario, cidade_usuario, cep_usuario, bairro_usuario, logradouro_usuario, numero_usuario, complemento_usuario)
	VALUES('231.125.288-75', 'Manuela Nina da Paz', 'manuela.nina@gmail.com', 'u5S2KyHDia', '(16)986367461', 'SP', 'São Carlos', '13563-658', 'Jardim Ipanema', 'Rua José Pedrino', '835', 'Apartamento 23');

INSERT INTO usuario (cpf_usuario, nome_usuario, email, senha, telefone, uf_usuario, cidade_usuario, cep_usuario, bairro_usuario, logradouro_usuario, numero_usuario, complemento_usuario)
	VALUES('360.925.308-80', 'Maya Melissa Rayssa Araújo', 'maya.melissa@gmail.com', 'FhtbOzXcZp', '(16)986119004', 'SP', 'São Carlos', '13563-704', 'Jardim Acapulco', 'Rua Jorge Tibiriçá', '582', 'Casa');

INSERT INTO usuario (cpf_usuario, nome_usuario, email, senha, telefone, uf_usuario, cidade_usuario, cep_usuario, bairro_usuario, logradouro_usuario, numero_usuario, complemento_usuario)
    VALUES('344.158.508-98', 'Ryan Elias Oliveira', 'ryan.oliveira@outlook.com', 'RHSenLErGK', '(16)988129969', 'SP', 'São Carlos', '13566-050', 'Vila Costa do Sol', 'Rua Estados Unidos', '566', 'Apartamento 94');


-- TABLE TIPO_USUARIO --

INSERT INTO tipo_usuario (cpf_tp_usuario, tipo_usuario)
    VALUES('921.585.380-40', 'COMERCIANTE');

INSERT INTO tipo_usuario (cpf_tp_usuario, tipo_usuario)
    VALUES('474.316.018-91', 'COMERCIANTE');

INSERT INTO tipo_usuario (cpf_tp_usuario, tipo_usuario)
    VALUES('474.316.018-91', 'DONO PET');

INSERT INTO tipo_usuario (cpf_tp_usuario, tipo_usuario)
    VALUES('306.447.658-01', 'COMERCIANTE');

INSERT INTO tipo_usuario (cpf_tp_usuario, tipo_usuario)
    VALUES('194.666.428-63', 'PRESTADOR SERVIÇO');

INSERT INTO tipo_usuario (cpf_tp_usuario, tipo_usuario)
    VALUES('162.380.938-03', 'PRESTADOR SERVIÇO');

INSERT INTO tipo_usuario (cpf_tp_usuario, tipo_usuario)
    VALUES('162.380.938-03', 'DONO PET');

INSERT INTO tipo_usuario (cpf_tp_usuario, tipo_usuario)
    VALUES('758.296.218-43', 'PRESTADOR SERVIÇO');

INSERT INTO tipo_usuario (cpf_tp_usuario, tipo_usuario)
    VALUES('189.729.128-08', 'ANFITRIÃO');

INSERT INTO tipo_usuario (cpf_tp_usuario, tipo_usuario)
    VALUES('311.240.708-34', 'ANFITRIÃO');

INSERT INTO tipo_usuario (cpf_tp_usuario, tipo_usuario)
    VALUES('739.019.788-95', 'DONO PET');

INSERT INTO tipo_usuario (cpf_tp_usuario, tipo_usuario)
    VALUES('527.344.098-01', 'DONO PET');

INSERT INTO tipo_usuario (cpf_tp_usuario, tipo_usuario)
    VALUES('231.125.288-75', 'DONO PET');

INSERT INTO tipo_usuario (cpf_tp_usuario, tipo_usuario)
    VALUES('360.925.308-80', 'DONO PET');

INSERT INTO tipo_usuario (cpf_tp_usuario, tipo_usuario)
    VALUES('344.158.508-98', 'PRESTADOR SERVIÇO');

INSERT INTO tipo_usuario (cpf_tp_usuario, tipo_usuario)
    VALUES('344.158.508-98', 'DONO PET');


-- TABLE PRESTADOR_SERVICO --

INSERT INTO prestador_servico (cpf_ps, bool_passeador, bool_adestrador)
    VALUES('194.666.428-63', true, false);

INSERT INTO prestador_servico (cpf_ps, bool_passeador, bool_adestrador)
    VALUES('162.380.938-03', false, true);

INSERT INTO prestador_servico (cpf_ps, bool_passeador, bool_adestrador)
    VALUES('758.296.218-43', true, true);

INSERT INTO prestador_servico (cpf_ps, bool_passeador, bool_adestrador)
    VALUES('344.158.508-98', true, true);


-- TABLE PASSEADOR_BAIRROS --

INSERT INTO passeador_bairros (cpf_pb, bairro_pb)
    VALUES('194.666.428-63', 'Parque dos Timburis');

INSERT INTO passeador_bairros (cpf_pb, bairro_pb)
    VALUES('194.666.428-63', 'Jardim Ipanema');

INSERT INTO passeador_bairros (cpf_pb, bairro_pb)
    VALUES('194.666.428-63', 'Jardim Acapulco');

INSERT INTO passeador_bairros (cpf_pb, bairro_pb)
    VALUES('194.666.428-63', 'Jardim Jóckei Club A');

INSERT INTO passeador_bairros (cpf_pb, bairro_pb)
    VALUES('758.296.218-43', 'Parque dos Timburis');

INSERT INTO passeador_bairros (cpf_pb, bairro_pb)
    VALUES('758.296.218-43', 'Jardim Acapulco');

INSERT INTO passeador_bairros (cpf_pb, bairro_pb)
    VALUES('758.296.218-43', 'Vila Lutfalla');

INSERT INTO passeador_bairros (cpf_pb, bairro_pb)
    VALUES('344.158.508-98', 'Parque dos Timburis');

INSERT INTO passeador_bairros (cpf_pb, bairro_pb)
    VALUES('344.158.508-98', 'Vila Lutfalla');

INSERT INTO passeador_bairros (cpf_pb, bairro_pb)
    VALUES('344.158.508-98', 'Jardim Ipanema');


-- TABLE PRESTADOR_CARACTERISTICAS --

INSERT INTO prestador_carac (cpf_pc, caracteristica)
    VALUES('194.666.428-63', 'Calmo');

INSERT INTO prestador_carac (cpf_pc, caracteristica)
    VALUES('194.666.428-63', 'Organizado');

INSERT INTO prestador_carac (cpf_pc, caracteristica)
    VALUES('162.380.938-03', 'Pró-ativo');

INSERT INTO prestador_carac (cpf_pc, caracteristica)
    VALUES('162.380.938-03', 'Animado');

INSERT INTO prestador_carac (cpf_pc, caracteristica)
    VALUES('758.296.218-43', 'Calmo');

INSERT INTO prestador_carac (cpf_pc, caracteristica)
    VALUES('758.296.218-43', 'Pró-ativo');

INSERT INTO prestador_carac (cpf_pc, caracteristica)
    VALUES('344.158.508-98', 'Animado');

INSERT INTO prestador_carac (cpf_pc, caracteristica)
    VALUES('344.158.508-98', 'Organizado');


-- TABLE ADESTRADOR_CERTIFICADOS --

INSERT INTO adestrador_certific (cpf_ac, certificado)
    VALUES('162.380.938-03', 'Curso de Adestramento de Cães 60 horas');

INSERT INTO adestrador_certific (cpf_ac, certificado)
    VALUES('758.296.218-43', 'Curso de Adestramento de Cães 100 horas');

INSERT INTO adestrador_certific (cpf_ac, certificado)
    VALUES('758.296.218-43', 'Curso de Adestramento de Animais Exóticos');

INSERT INTO adestrador_certific (cpf_ac, certificado)
    VALUES('344.158.508-98', 'Curso de Adestramento de Aves Domésticas');


-- TABLE ADESTRADOR_ESPECIES --

INSERT INTO adestrador_espec (cpf_ae, especie)
    VALUES('162.380.938-03', 'CACHORRO');

INSERT INTO adestrador_espec (cpf_ae, especie)
    VALUES('758.296.218-43', 'CACHORRO');

INSERT INTO adestrador_espec (cpf_ae, especie)
    VALUES('758.296.218-43', 'GATO');

INSERT INTO adestrador_espec (cpf_ae, especie)
    VALUES('758.296.218-43', 'COBRA');

INSERT INTO adestrador_espec (cpf_ae, especie)
    VALUES('758.296.218-43', 'IGUANA');

INSERT INTO adestrador_espec (cpf_ae, especie)
    VALUES('344.158.508-98', 'PAPAGAIO');


-- TABLE COMERCIANTE --

INSERT INTO comerciante (cpf_comerciante)
    VALUES('921.585.380-40');

INSERT INTO comerciante (cpf_comerciante)
    VALUES('474.316.018-91');

INSERT INTO comerciante (cpf_comerciante)
    VALUES('306.447.658-01');


-- TABLE PRODUTO --

INSERT INTO produto (codigo, nome_produto, valor_aluguel, descricao_produto, categoria_produto, quantidade, comerciante_prod)
    VALUES('1', 'Brinquedo interativo Roleta para Cães', '20', 'Brinquedo indicado para cães. Proporciona bem estar físico e mental. Ideal para estimular a inteligência do cão!', 'LAZER', '5', '921.585.380-40');

INSERT INTO produto (codigo, nome_produto, valor_aluguel, descricao_produto, categoria_produto, quantidade, comerciante_prod)
    VALUES('2', 'Brinquedo Discover para Cães e Gatos', '9', 'Brinquedo indicado para cães e gatos. Estimula o instinto predador do animal. Aprendizado para comer mais devagar.', 'LAZER', '3', '921.585.380-40');

INSERT INTO produto (codigo, nome_produto, valor_aluguel, descricao_produto, categoria_produto, quantidade, comerciante_prod)
    VALUES('3', 'Fantasia do Batman', '30', 'Fantasia do Batman para seu cachorro médio porte salvar a cidade no estilo!', 'VESTUÁRIO', '2', '474.316.018-91');

INSERT INTO produto (codigo, nome_produto, valor_aluguel, descricao_produto, categoria_produto, quantidade, comerciante_prod)
    VALUES('4', 'Fantasia da Mulher-Maravilha', '50', 'Fantasia da Mulher-Maravilha para seu cachorro médio porte salvar a cidade no estilo!', 'VESTUÁRIO', '2', '474.316.018-91');

INSERT INTO produto (codigo, nome_produto, valor_aluguel, descricao_produto, categoria_produto, quantidade, comerciante_prod)
    VALUES('5', 'Alimentador automatico', '15', null, 'ALIMENTAÇÃO', '2', '306.447.658-01');

INSERT INTO produto (codigo, nome_produto, valor_aluguel, descricao_produto, categoria_produto, quantidade, comerciante_prod)
    VALUES('6', 'Mamadeira', '7', 'Acessório de alimentação para uso no desmame de filhotes.', 'ALIMENTAÇÃO', '16', '306.447.658-01');

INSERT INTO produto (codigo, nome_produto, valor_aluguel, descricao_produto, categoria_produto, quantidade, comerciante_prod)
    VALUES('7', 'Fantasia de T-Rex', '100', null, 'VESTUÁRIO', '1', '306.447.658-01');


-- TABLE DONO_PET --

INSERT INTO dono_pet (cpf_dp)
    VALUES('474.316.018-91');

INSERT INTO dono_pet (cpf_dp)
    VALUES('162.380.938-03');

INSERT INTO dono_pet (cpf_dp)
    VALUES('739.019.788-95');

INSERT INTO dono_pet (cpf_dp)
    VALUES('527.344.098-01');

INSERT INTO dono_pet (cpf_dp)
    VALUES('231.125.288-75');

INSERT INTO dono_pet (cpf_dp)
    VALUES('360.925.308-80');


-- TABLE PET --

INSERT INTO pet (cpf_dono_pet, nome_pet, especie_pet, data_nasc, porte, tipo_pet, registro_ibama)
    VALUES('474.316.018-91', 'Tonico', 'CACHORRO', '2010-05-24', 'P', 'DOMÉSTICO', null);

INSERT INTO pet (cpf_dono_pet, nome_pet, especie_pet, data_nasc, porte, tipo_pet, registro_ibama)
    VALUES('162.380.938-03', 'Margot', 'GATO', '2011-04-21', 'M', 'DOMÉSTICO', null);

INSERT INTO pet (cpf_dono_pet, nome_pet, especie_pet, data_nasc, porte, tipo_pet, registro_ibama)
    VALUES('739.019.788-95', 'Jade', 'COBRA', '2019-03-02', 'M', 'EXÓTICO', '1752');

INSERT INTO pet (cpf_dono_pet, nome_pet, especie_pet, data_nasc, porte, tipo_pet, registro_ibama)
    VALUES('739.019.788-95', 'Coral', 'COBRA', '2018-07-10', 'G', 'EXÓTICO', '1642');

INSERT INTO pet (cpf_dono_pet, nome_pet, especie_pet, data_nasc, porte, tipo_pet, registro_ibama)
    VALUES('527.344.098-01', 'Letícia', 'IGUANA', '2014-07-17', 'P', 'EXÓTICO', '3556');

INSERT INTO pet (cpf_dono_pet, nome_pet, especie_pet, data_nasc, porte, tipo_pet, registro_ibama)
    VALUES('231.125.288-75', 'Chiquinho', 'PAPAGAIO', '2011-05-04', 'P', 'EXÓTICO', '4163');

INSERT INTO pet (cpf_dono_pet, nome_pet, especie_pet, data_nasc, porte, tipo_pet, registro_ibama)
    VALUES('360.925.308-80', 'Jair', 'GADO', '1955-03-21', 'G', 'DOMÉSTICO', null);

INSERT INTO pet (cpf_dono_pet, nome_pet, especie_pet, data_nasc, porte, tipo_pet, registro_ibama)
    VALUES('527.344.098-01', 'Princesa', 'CACHORRO', '2-06-22', 'P', 'DOMÉSTICO', null);

INSERT INTO pet (cpf_dono_pet, nome_pet, especie_pet, data_nasc, porte, tipo_pet, registro_ibama)
    VALUES('360.925.308-80', 'Bobby', 'CACHORRO', '2008-08-08', 'M', 'DOMÉSTICO', null);

INSERT INTO pet (cpf_dono_pet, nome_pet, especie_pet, data_nasc, porte, tipo_pet, registro_ibama)
    VALUES('344.158.508-98', 'Thor', 'CACHORRO', '2018-04-02', 'P', 'DOMÉSTICO', null);


-- TABLE PET_COMPORTAMENTO --

INSERT INTO pet_comportamento (cpf_dono_comp, nome_pet_comp, especie_pet_comp, comportamento)
    VALUES ('474.316.018-91', 'Tonico', 'CACHORRO', 'Calmo');

INSERT INTO pet_comportamento (cpf_dono_comp, nome_pet_comp, especie_pet_comp, comportamento)
    VALUES ('474.316.018-91', 'Tonico', 'CACHORRO', 'Quieto');

INSERT INTO pet_comportamento (cpf_dono_comp, nome_pet_comp, especie_pet_comp, comportamento)
    VALUES ('162.380.938-03', 'Margot', 'GATO', 'Arisco');

INSERT INTO pet_comportamento (cpf_dono_comp, nome_pet_comp, especie_pet_comp, comportamento)
    VALUES ('739.019.788-95', 'Jade', 'COBRA', 'Amigável');

INSERT INTO pet_comportamento (cpf_dono_comp, nome_pet_comp, especie_pet_comp, comportamento)
    VALUES ('231.125.288-75', 'Chiquinho', 'PAPAGAIO', 'Agitado');

INSERT INTO pet_comportamento (cpf_dono_comp, nome_pet_comp, especie_pet_comp, comportamento)
    VALUES ('360.925.308-80', 'Jair', 'GADO', 'Teimoso');


-- TABLE PET_EXOTIC_CUID --

INSERT INTO pet_exotic_cuid (cpf_dono_ex_c, nome_pet_ex_c, especie_pet_ex_c, cuidado_especial)
    VALUES('739.019.788-95', 'Jade', 'COBRA', 'Hidratar pele a cada hora.');

INSERT INTO pet_exotic_cuid (cpf_dono_ex_c, nome_pet_ex_c, especie_pet_ex_c, cuidado_especial)
    VALUES('527.344.098-01', 'Letícia', 'IGUANA', 'Manter aquecida.');


-- TABLE PET_DEFICIENCIA --

INSERT INTO pet_deficiencia (cpf_dono_pet_def, nome_pet_def, especie_pet_def, deficiencia)
    VALUES('162.380.938-03', 'Margot', 'GATO', 'Cega do olho direito');

INSERT INTO pet_deficiencia (cpf_dono_pet_def, nome_pet_def, especie_pet_def, deficiencia)
    VALUES('360.925.308-80', 'Jair', 'GADO', 'Manco');

INSERT INTO pet_deficiencia (cpf_dono_pet_def, nome_pet_def, especie_pet_def, deficiencia)
    VALUES('739.019.788-95', 'Jade', 'COBRA', 'Cega');


-- TABLE ALUGUEL_PRODUTO --

INSERT INTO aluguel_produto (timestamp_al_p, comerciante_al_p, dono_pet_al_p, produto_al_p, data_fim_al_p, valor_al_p, qtdd_prod, comentario_al_p, nota_al_p)
    VALUES('2020-01-30 13:38:22', '921.585.380-40', '474.316.018-91', '1', '2020-02-02', '80', '1', 'Perfeito!', '5');

INSERT INTO aluguel_produto (timestamp_al_p, comerciante_al_p, dono_pet_al_p, produto_al_p, data_fim_al_p, valor_al_p, qtdd_prod, comentario_al_p, nota_al_p)
    VALUES('2020-01-30 13:38:22', '921.585.380-40', '474.316.018-91', '2', '2020-02-02', '80', '1', 'Muito bom!', '4');

INSERT INTO aluguel_produto (timestamp_al_p, comerciante_al_p, dono_pet_al_p, produto_al_p, data_fim_al_p, valor_al_p, qtdd_prod, comentario_al_p, nota_al_p)
    VALUES('2020-04-24 16:40:17', '921.585.380-40', '162.380.938-03', '1', '2020-04-26', '80', '1', null, '4.5');

INSERT INTO aluguel_produto (timestamp_al_p, comerciante_al_p, dono_pet_al_p, produto_al_p, data_fim_al_p, valor_al_p, qtdd_prod, comentario_al_p, nota_al_p)
    VALUES('2020-04-24 16:40:17', '921.585.380-40', '162.380.938-03', '2', '2020-04-26', '18', '1', 'Legal, mas meu bichinho se cansou mais rápido do que esperava!', '4.5');

INSERT INTO aluguel_produto (timestamp_al_p, comerciante_al_p, dono_pet_al_p, produto_al_p, data_fim_al_p, valor_al_p, qtdd_prod, comentario_al_p, nota_al_p)
    VALUES('2020-04-20 09:18:53', '474.316.018-91', '739.019.788-95', '3', '2020-04-21', '50', '1', null, '4.7');

INSERT INTO aluguel_produto (timestamp_al_p, comerciante_al_p, dono_pet_al_p, produto_al_p, data_fim_al_p, valor_al_p, qtdd_prod, comentario_al_p, nota_al_p)
    VALUES('2020-04-20 09:18:53', '921.585.380-40', '739.019.788-95', '1', '2020-04-21', '80', '1', null, '3.5');

INSERT INTO aluguel_produto (timestamp_al_p, comerciante_al_p, dono_pet_al_p, produto_al_p, data_fim_al_p, valor_al_p, qtdd_prod, comentario_al_p, nota_al_p)
    VALUES('2020-05-28 10:24:18', '474.316.018-91', '231.125.288-75', '4', '2020-05-30', '100', '1', null, null);

INSERT INTO aluguel_produto (timestamp_al_p, comerciante_al_p, dono_pet_al_p, produto_al_p, data_fim_al_p, valor_al_p, qtdd_prod, comentario_al_p, nota_al_p)
    VALUES('2020-04-29 13:58:10', '306.447.658-01', '360.925.308-80', '5', '2020-04-30', '15', '1', 'Funciona bem, mas o recipiente para ração é pequeno.', '3.5');

INSERT INTO aluguel_produto (timestamp_al_p, comerciante_al_p, dono_pet_al_p, produto_al_p, data_fim_al_p, valor_al_p, qtdd_prod, comentario_al_p, nota_al_p)
    VALUES('2020-04-24 16:40:17', '306.447.658-01', '162.380.938-03', '6', '2020-04-25', '20', '1', 'Alugar mamadeira pode parecer uma boa ideia, mas não é.', '1.0');

INSERT INTO aluguel_produto (timestamp_al_p, comerciante_al_p, dono_pet_al_p, produto_al_p, data_fim_al_p, valor_al_p, qtdd_prod, comentario_al_p, nota_al_p)
    VALUES('2020-01-11 02:49:18', '306.447.658-01', '739.019.788-95', '6', '2020-01-16', '70', '2', 'Exatamente o que eu precisava!', '5.0');


-- TABLE PRESTACAO_SERVICO --

INSERT INTO prestacao_servico (cpf_pr_s, cpf_dp_pr_s, nome_pet_pr_s, especie_pet_pr_s, timestamp_pr_s, tipo_pr_s, data_fim_pr_s, valor_pr_s, nota_pr_s, comentario_pr_s)
    VALUES('194.666.428-63', '474.316.018-91', 'Tonico', 'CACHORRO', '2020-05-05 10:43:35', 'PASSEIO', '2020-05-06', '20', '5.0', 'Meu Tonico ama a Daiane!');

INSERT INTO prestacao_servico (cpf_pr_s, cpf_dp_pr_s, nome_pet_pr_s, especie_pet_pr_s, timestamp_pr_s, tipo_pr_s, data_fim_pr_s, valor_pr_s, nota_pr_s, comentario_pr_s)
    VALUES('162.380.938-03', '360.925.308-80', 'Jair', 'GADO', '2020-04-17 14:33:09', 'ADESTRAMENTO', '2020-04-24', '100', '4.0', 'A Giovanna bem que tentou, mas o Jairzinho é um boi difícil de se lidar mesmo...');

INSERT INTO prestacao_servico (cpf_pr_s, cpf_dp_pr_s, nome_pet_pr_s, especie_pet_pr_s, timestamp_pr_s, tipo_pr_s, data_fim_pr_s, valor_pr_s, nota_pr_s, comentario_pr_s)
    VALUES('344.158.508-98', '231.125.288-75', 'Chiquinho', 'PAPAGAIO', '2020-06-12 16:41:53', 'ADESTRAMENTO', '2020-06-13', '150', '4.0', null);

INSERT INTO prestacao_servico (cpf_pr_s, cpf_dp_pr_s, nome_pet_pr_s, especie_pet_pr_s, timestamp_pr_s, tipo_pr_s, data_fim_pr_s, valor_pr_s, nota_pr_s, comentario_pr_s)
    VALUES('758.296.218-43', '231.125.288-75', 'Chiquinho', 'PAPAGAIO', '2020-05-25 19:30:53', 'ADESTRAMENTO','2020-05-30', '1', '4.5', 'Incrível!!');

INSERT INTO prestacao_servico (cpf_pr_s, cpf_dp_pr_s, nome_pet_pr_s, especie_pet_pr_s, timestamp_pr_s, tipo_pr_s, data_fim_pr_s, valor_pr_s, nota_pr_s, comentario_pr_s)
    VALUES('758.296.218-43', '739.019.788-95', 'Jade', 'COBRA', '2020-06-20 06:05:02', 'ADESTRAMENTO', '2020-06-25', '2300', '3.5', null);

INSERT INTO prestacao_servico (cpf_pr_s, cpf_dp_pr_s, nome_pet_pr_s, especie_pet_pr_s, timestamp_pr_s, tipo_pr_s, data_fim_pr_s, valor_pr_s, nota_pr_s, comentario_pr_s)
    VALUES('194.666.428-63', '739.019.788-95', 'Jade', 'COBRA', '2020-06-20 06:05:02', 'ADESTRAMENTO', '2020-06-25', '2300', '3.5', null);

INSERT INTO prestacao_servico (cpf_pr_s, cpf_dp_pr_s, nome_pet_pr_s, especie_pet_pr_s, timestamp_pr_s, tipo_pr_s, data_fim_pr_s, valor_pr_s, nota_pr_s, comentario_pr_s)
    VALUES('344.158.508-98', '527.344.098-01', 'Princesa', 'CACHORRO', '2020-06-17 02:44:21', 'PASSEIO', '2020-06-18', '15', '4.3', null);

INSERT INTO prestacao_servico (cpf_pr_s, cpf_dp_pr_s, nome_pet_pr_s, especie_pet_pr_s, timestamp_pr_s, tipo_pr_s, data_fim_pr_s, valor_pr_s, nota_pr_s, comentario_pr_s)
    VALUES('194.666.428-63', '527.344.098-01', 'Princesa', 'CACHORRO', '2020-02-05 13:24:47', 'PASSEIO', '2020-02-06', '20', '4.7', null);

INSERT INTO prestacao_servico (cpf_pr_s, cpf_dp_pr_s, nome_pet_pr_s, especie_pet_pr_s, timestamp_pr_s, tipo_pr_s, data_fim_pr_s, valor_pr_s, nota_pr_s, comentario_pr_s)
    VALUES('758.296.218-43', '360.925.308-80', 'Bobby', 'CACHORRO', '2020-02-14 11:16:25', 'PASSEIO', '2020-02-15', '20', '4.5', null);


-- TABLE ANFITRIAO --

INSERT INTO anfitriao (cpf_anf)
    VALUES('189.729.128-08');

INSERT INTO anfitriao (cpf_anf)
    VALUES('311.240.708-34');


-- TABLE LOCAL --

INSERT INTO local (uf_local, cidade_local, cep_local, bairro_local, logradouro_local, numero_local, complemento_local, descricao_local, categoria_local, anfitriao_local)
    VALUES('SP', 'São Carlos', '13563-704', 'Jardim Acapulco', 'Rua Eduardo do Prado F. Braga', '997', 'Apartamento 36 Bloco 6', 'Apartamento aconchegante equipado para receber até dois bichinhos! (Obs: apenas gatos e cachorros)', 'APARTAMENTO', '189.729.128-08');

INSERT INTO local (uf_local, cidade_local, cep_local, bairro_local, logradouro_local, numero_local, complemento_local, descricao_local, categoria_local, anfitriao_local)
    VALUES('SP', 'São Carlos', '13566-496', 'Cidade Jardim', 'Travessa Três', '429', 'Casa', 'Casa com quintal amplo, apta a receber animais de grande porte.', 'CASA', '311.240.708-34');


-- TABLE HOSPEDAGEM --

INSERT INTO hospedagem (anf_hosp, cpf_dono_hosp, nome_pet_hosp, especie_pet_hosp, timestamp_hosp, data_fim_hosp, valor_hosp, nota_hosp, comentario_hosp, uf_hosp, cidade_hosp, cep_hosp, bairro_hosp, logradouro_hosp, numero_hosp, complemento_hosp)
    VALUES('189.729.128-08', '474.316.018-91', 'Tonico', 'CACHORRO', '2020-07-07 16:56:38', '2020-07-17', '500', '3.5', null, 'SP', 'São Carlos', '13563-704', 'Jardim Acapulco', 'Rua Eduardo do Prado F. Braga', '997', 'Apartamento 36 Bloco 6');

INSERT INTO hospedagem (anf_hosp, cpf_dono_hosp, nome_pet_hosp, especie_pet_hosp, timestamp_hosp, data_fim_hosp, valor_hosp, nota_hosp, comentario_hosp, uf_hosp, cidade_hosp, cep_hosp, bairro_hosp, logradouro_hosp, numero_hosp, complemento_hosp)
    VALUES('311.240.708-34', '360.925.308-80', 'Jair', 'GADO', '2020-03-03 17:58:05', '2020-03-08', '1', '5.0', 'Jairzinho é teimoso, mas o Rafael se deu bem com ele!', 'SP', 'São Carlos', '13566-496', 'Cidade Jardim', 'Travessa Três', '429', 'Casa');